Customer_ID,Customer_Name,DOB,Gender,Address,Phone,Email,Load_DTS
58977fab-727f-4f1e-ac61-5dcd2f72443e,Ashley Cortez,1988-12-28,Female,"Unit 8844 Box 9246, DPO AA 86495",375.341.2888x505,alanlowe@henderson-coleman.net,2025-02-27 19:04:53
f0f8feaf-bc1a-4f1c-b524-1313e2c223aa,William Yang,1999-09-15,Female,"023 Williams Neck Suite 955, East Kevinbury, PA 17482",001-455-186-7803x8293,boothdiana@yahoo.com,2025-01-17 11:44:29
5095481c-1545-46f4-a9f9-38d4cf719d4a,Jennifer Robertson,1944-07-03,Female,"5266 Julie Junctions, East Patrick, GA 23074",001-355-487-5592x3558,cgordon@lowe.com,2025-01-29 03:48:37
ee84c409-0531-4182-a579-9bc6aabce161,Ronald Craig,1949-04-16,Female,"799 Ramirez Cove, Salazarmouth, PA 27313",433-966-9870,jefferyabbott@sanders.biz,2025-01-26 15:58:44
c52466da-e4a0-4010-b0e5-21cc64d60c4a,Brandon Wilson,1944-07-17,Female,"67699 Matthew Branch Apt. 640, Brendaside, NH 01637",(866)246-0159x1439,nicholsdakota@rodriguez-hooper.biz,2025-01-15 17:40:02
3b9f9e1d-c367-49fb-8c47-b1f3aaf5d54d,Arthur Miller,1952-09-15,Male,"1041 Miles Gardens Suite 699, West Patrick, UT 27019",(501)231-3651x4363,marshallpaul@wade.org,2025-03-07 20:39:11
96bee03d-8b10-4a43-899e-8c63d9c547bb,James Murillo,1987-08-16,Male,"1492 Susan Fort, Jonesville, CO 96017",407-480-5823,thomas74@mcintyre-davis.info,2025-01-07 17:07:31
f9a3f699-a332-47f8-ab5c-49dddbaef86e,Vanessa Schmidt,1945-08-11,Male,"163 Baker Courts, Michealberg, IL 40843",001-137-594-2906x03319,nancywolfe@gmail.com,2025-03-07 07:20:24
44b62803-1450-425b-a509-1359bd97ac44,Sean Soto,1988-12-18,Female,"93214 Timothy Passage, Emilyville, OK 36688",398-292-1709x23087,mary15@scott.com,2025-01-07 19:24:45
b269bbf9-7e86-440b-97be-51bb492c88dd,Christopher Clay,2001-12-20,Male,"741 Turner Knoll, North Stephenview, CA 48293",891-505-6641x12420,angela53@yahoo.com,2025-02-05 16:38:50
3fc8f473-c3ff-4cc6-ba36-3485dcf7cdc1,Dennis Dalton,1962-04-03,Male,"49640 Stout Glen Suite 353, South Marychester, SC 78536",(147)891-8297,danielledudley@morse.com,2025-01-29 01:58:39
907952fd-f0b0-4fb5-a993-6782fb7440be,Sarah Jackson,1993-09-06,Female,"44603 Fox Passage, South Sandramouth, MT 68873",+1-418-409-1127x222,saraacosta@gmail.com,2025-03-13 21:59:07
d5fe517c-289c-4c64-8da7-bf2f065f6c4d,Laurie Anderson,2004-09-22,Female,"764 Schaefer Forks Apt. 497, Howardberg, FL 49994",+1-215-520-3658x60008,matthewspears@mora.com,2025-02-07 11:41:26
2e5a9bce-0ce9-4afc-a901-fea6cabb6dd7,Jennifer Rivera,1990-11-30,Female,"USNV Raymond, FPO AP 35054",+1-164-291-7485x5507,wwilliams@hall.com,2025-01-02 07:39:49
8cd07eb9-3303-4b3d-a352-6b2164431002,Kevin Blake,1987-04-07,Male,"4620 Blair Greens Suite 376, South Valerieborough, WY 55226",(261)295-8922x618,garzajohn@gmail.com,2025-02-22 04:46:37
45c1012b-72aa-4868-8cf3-95def567c5a8,Bruce Campbell,1996-12-17,Male,"6660 Dawn Trail, West Andrestown, HI 77836",349.900.0377,taylor87@hotmail.com,2025-03-13 17:56:41
c213597a-c2d4-4d9d-bba5-9c16494e2e8f,Tina Luna,1996-07-05,Male,"20491 Curtis Shore Apt. 399, Perezfurt, TX 38203",265.542.7159x7323,jeffrey81@gmail.com,2025-03-13 02:26:34
0cff51d6-9241-4568-8165-7cc3e9b44f8e,Michael Ford,2002-11-16,Female,"92500 Chad Fords Suite 066, Longstad, ND 49028",+1-475-058-2280x78931,lnewman@perez-cook.com,2025-02-08 03:15:25
6cb2cd26-3df3-41af-a508-87ba6c77f923,Elizabeth Williams,1982-01-25,Female,"72799 Crawford Prairie, East Emilyport, WV 20711",(913)622-4079,teresaramos@ward.com,2025-01-20 22:39:01
4940b676-51e7-423a-8610-1ca36f4f77b4,Michael Jones,1960-11-03,Female,"93458 Adams Garden, North Doris, SD 75809",829.978.1936x272,curryjonathan@gmail.com,2025-02-12 10:32:06
86afd750-b489-4ed6-975f-7841142c2a12,Richard Dawson,1945-07-24,Male,"35616 Steven Village Suite 978, Claychester, CA 19650",720.791.2120x85573,richard86@erickson.org,2025-01-06 15:52:48
3738a368-713c-4256-96a4-f6deb98929d8,Raymond Davis,1958-04-04,Male,"4822 Tamara Spring, West David, DE 62268",001-462-313-9037x9022,hooverseth@yahoo.com,2025-01-13 01:26:57
8f9f4ca8-1cee-45a7-9b01-25532df25335,Michael Mann,1987-08-07,Female,"PSC 3690, Box 1096, APO AP 53862",(603)574-5555x78091,marshalldiane@murphy.com,2025-03-06 03:35:40
9037b5ae-b5f0-42c2-866b-419733633f36,Adrian Gray DDS,1963-06-28,Female,"7759 Kristen Forest, Norrisberg, MA 75513",+1-209-833-1015x71487,hrice@lane-nunez.com,2025-02-12 03:02:35
68b95c50-6da9-4ab7-a754-032f3d363d1e,James Fuentes,1989-09-20,Female,"8728 Deborah Station Apt. 678, Aguilarburgh, TX 39016",366-541-4610x35081,laurieguerrero@hotmail.com,2025-01-08 18:49:07
4be7d7bb-ebf1-427c-a224-7a7ed7f2aea8,Kimberly Warren,1961-08-24,Female,"PSC 0866, Box 4423, APO AA 36855",+1-805-378-1351x58850,masseymary@mcknight.biz,2025-01-15 12:02:50
cfd38077-9811-4248-aaf9-6df8872436f4,Juan Mcintyre,1951-09-21,Female,"762 Steven Meadows Suite 984, Port Darrellshire, MD 45793",+1-878-291-3796,ashley11@brooks-beasley.info,2025-01-10 22:47:51
3bd85296-9726-47e8-9836-dd2a4ba4347f,Kathy Ellison,1954-01-01,Male,"63672 Garcia Lake, Scottchester, MT 92486",001-698-276-5177,bonillamatthew@mills.com,2025-01-11 18:32:49
c33a1dba-795e-4615-b8ee-05ab605c7e68,Alexander Moody,1997-02-12,Female,"7991 Gilbert Parkways Suite 032, Port Sarah, AR 09448",(739)180-0072x15135,nclark@gmail.com,2025-02-24 07:28:44
9be6200c-7511-490d-a57d-31ae3c72729b,Holly Miller,1982-08-28,Female,"78586 Joseph Viaduct Suite 034, Christopherhaven, NE 59065",924-819-9680x71188,peternelson@atkins.info,2025-01-13 17:00:23
59b3381f-4d30-4ef2-b1e1-4914d504523c,Jason Dunn,1999-04-22,Female,"70605 Carolyn Oval, West Shelly, MN 29689",876.467.5317,andersengregory@gmail.com,2025-01-25 05:19:21
041c334d-c333-44bd-893d-e32227d9f59f,Kathryn Stephens,1955-02-02,Female,"1543 Pacheco Pine Apt. 274, West Sonya, WY 91152",+1-662-111-4303x52248,grace65@hester-key.biz,2025-01-26 18:21:46
7a8b2727-805b-4dd2-ad23-4c650c331b1a,Maria Rodriguez,1980-01-23,Male,"0179 Orozco Island, Lake Adamburgh, RI 65488",+1-154-060-1197x309,christopherwatts@olson.com,2025-02-06 09:17:51
4663ba54-5dae-409d-ae85-e6a1161fa6dc,Alisha Stewart,1965-08-15,Female,"5977 Cassie Road, Lake Joseph, PA 29947",001-045-223-4706x67858,nathan43@marshall-mcdonald.com,2025-01-14 04:05:37
b170834f-f028-46b4-a9e5-af101ee0b81b,David Kim,1955-01-28,Female,"4926 Brent Gardens Apt. 097, New Courtney, VA 10822",798-836-1008x421,seandiaz@wilson.com,2025-01-01 23:47:46
530f149d-70e5-47aa-83af-ef2b8cc3eeb0,Sylvia Hill,1981-06-10,Male,"805 Alexis Springs, Austinborough, WY 66580",543-169-7536x582,kanemargaret@gmail.com,2025-01-18 10:48:51
a32898b5-477d-4ffa-8ff6-8b052ea039e7,Jane Bird,1950-03-02,Male,"7288 Michelle Pines, Jeremyside, GA 36652",001-074-735-3749x11758,velezdavid@hotmail.com,2025-01-28 03:45:38
551236d6-e5a5-4a4e-b433-553a76642846,Shaun Melendez,1962-01-19,Male,"28955 Lawson Bridge, Port Allenmouth, ID 75863",628-179-9339x68388,teresa43@hotmail.com,2025-01-28 10:09:43
27ee4aee-547b-4d90-b298-f6b648a8a5b2,Ashley Perez,1964-02-22,Female,"8402 Michael Pike Suite 696, East Danielborough, HI 69686",749-611-5806,trevinomarie@yahoo.com,2025-01-08 12:48:07
da3d0508-421c-43a5-9391-244806eaebee,Tracy Rose,1992-10-20,Female,"96611 Michael Overpass Suite 785, Port Amyfurt, IL 49314",001-222-230-7584x68029,eddie89@yahoo.com,2025-02-17 23:26:53
20fdc062-225a-4841-9dc3-669b5d91a9c2,Mr. Kenneth Perez,1959-10-06,Female,"10895 Anderson Course Apt. 966, Lake Lisa, WY 47379",111-774-2826,traceythompson@yahoo.com,2025-01-26 09:29:38
03fb9d56-65f9-4762-858c-7f04bec083e4,Jacob Cunningham,1962-07-11,Male,"9754 Shawn Points Apt. 340, West Kimberlystad, DE 89124",001-689-218-1260x73191,tgriffith@yahoo.com,2025-02-08 23:43:56
8a823ddc-a1ae-4d5c-a767-bc7826ba7938,Christopher Harper,1981-11-16,Female,"35536 Escobar Street, North Alanville, NY 26255",(546)116-6142x9741,traceylyons@kemp.net,2025-02-26 23:20:33
5924f91c-43a2-4766-9c13-6d94cb271887,Joshua Powell,1980-11-04,Male,"6444 Christy Rapids, Jesseton, KY 12666",+1-950-966-9394,edwardswesley@mccarthy.com,2025-03-06 15:30:55
df49a300-b505-40a3-ae68-6523ba7994eb,Deanna Ramos,2001-12-14,Female,"540 Wall Station, East Patrick, MA 71091",+1-136-693-7644,jonesmary@lopez.com,2025-02-13 18:32:14
29babcb7-8142-4b11-9a68-e09f163ef0d3,Denise Frazier,1968-08-21,Male,"7718 Gina Loaf Apt. 282, South Sheenafurt, SC 40933",001-541-652-2033,jonathanday@edwards.biz,2025-03-05 05:51:29
c32b5cec-a279-4a94-adf9-3c2e86d9030d,Gary Dalton,1981-04-04,Male,"1992 Sullivan Falls Suite 296, Olsonton, HI 79650",+1-490-084-1588,kstanton@hotmail.com,2025-01-18 23:09:16
015761b4-8b66-4800-a29e-3a7a50568f4c,Matthew Schmidt,1954-06-25,Male,"USCGC Moore, FPO AP 21385",571-700-6374,williebuchanan@yahoo.com,2025-02-04 15:49:11
a4bf366e-6c38-4fb7-a124-61cc3ce80b91,Heather Clark,2003-10-12,Female,"8335 Kim Lakes, Markland, LA 74843",001-510-107-4109x0750,bautistadesiree@yahoo.com,2025-01-25 20:03:23
09862869-e483-4c43-9203-091725ddc531,Paul Mitchell,1966-02-28,Female,"59136 Gina Extensions Apt. 444, Schmittview, OR 42318",001-078-034-9323x2108,susancantu@guzman.com,2025-01-22 23:03:54
266d1c67-5d5c-4cff-8b0e-aabb08b3edbc,Zachary White,2002-07-02,Female,"21512 Christopher Rue Suite 014, New Ericborough, OK 18328",+1-284-547-5030x61339,jack29@moore.biz,2025-02-03 04:40:41
6214750c-7dd2-46fd-a351-d6ceebc3c9b7,Melanie Turner,1975-05-04,Female,"783 Frazier Common Apt. 297, Port Ronald, NV 04615",+1-859-481-9190x5037,kylestrong@hopkins.org,2025-02-25 04:34:57
53a8cd27-9414-4ecf-9fd5-6fd80184ac41,Amanda Acosta,1989-09-29,Male,"782 Barnes Corner, Cowanland, IN 83953",(833)456-9238x446,joshuamorgan@butler.com,2025-02-04 19:59:59
1941b79d-2e59-4651-a521-1c64d06ce114,Joseph Robinson,1986-07-19,Female,"792 Murphy Street, New Alicia, OH 47367",(016)445-6605x29415,ravenrussell@smith.org,2025-01-22 08:27:38
6a394519-1309-43ad-bb5d-6b771177a5b2,John Smith,1998-08-05,Male,"4409 Robin Estates, North Andrewmouth, NJ 73301",001-625-335-3987x5025,robertgregory@hotmail.com,2025-01-17 05:29:58
3898fa2b-9b7b-41a6-ab36-488c395230ce,Sharon Clark,1997-02-19,Male,"33167 Barajas Highway Apt. 107, Adammouth, RI 75510",001-715-607-0323x60739,jessicaarmstrong@hotmail.com,2025-01-29 18:24:32
759345b9-ba93-454e-b26d-d54725eb2d86,Luis Hughes,1984-11-29,Male,"34390 Collin Corners, Diazborough, MA 59354",(290)982-9020,meredithgarcia@gmail.com,2025-01-15 06:56:14
77ecf33a-936f-4865-864f-c975241a1b51,Stephanie Tucker,1974-05-26,Male,"349 Ashley Field, Gardnerview, NC 74635",+1-569-157-0796x38711,patrick59@yahoo.com,2025-01-05 20:43:23
13c408dc-90b8-430f-b13d-efe35425bbb2,Allison Evans,1996-08-26,Female,"842 Keith Course Apt. 020, Lake Scottside, TX 13031",572.405.9070,donnaspencer@brown.biz,2025-02-12 08:18:33
01851a1f-4be6-460f-a748-4d68ae9330f6,Claire Weiss,2005-02-20,Female,"652 Holden Summit, Williamsbury, MO 65206",001-776-866-7642x38246,michellewelch@yahoo.com,2025-01-15 00:10:54
8eb451bc-5d3a-4bb2-aef8-238172924816,Parker Delacruz,2003-03-19,Male,"58633 John Springs Apt. 219, Port Isabella, NY 82593",001-226-813-9182x327,annajones@rush-greene.com,2025-02-07 17:05:29
ed0b636a-33f4-43ce-8c8c-e002bedc6382,Patricia Stephens,1985-01-18,Female,"USS Walker, FPO AA 75187",245.074.0306,jgates@shannon-edwards.net,2025-01-25 17:41:52
9dc06663-efda-4605-9f44-675a62d328bf,Taylor Castillo,1999-05-12,Male,"1796 Simpson Wells, Sharpstad, VT 85067",+1-023-600-4823x09324,imartinez@edwards.com,2025-02-17 08:54:34
64b19217-6c0d-40ad-9bce-b5cd05a516dc,Michael Patel,1956-02-24,Male,"36680 Parker Forks, Danielchester, UT 91473",(462)459-2504,wvaughan@ware-garza.info,2025-02-07 02:53:55
db6eed0b-481b-4d8f-9740-4987f990e9c5,Teresa Riggs,1969-04-30,Female,"6853 Christopher Summit, North Shelia, WY 80993",001-243-939-6703x667,xharris@yahoo.com,2025-02-05 10:50:55
afc3af8e-511f-4a5e-ab77-0533123024dd,James Peterson,1999-04-15,Female,"2665 Matthews Brook, Buckleyfurt, AK 20514",284-970-7820x1291,smithjohnny@hotmail.com,2025-02-28 01:09:09
670598e2-29ab-4464-b8ae-d0504e33c099,Patrick Ingram,1979-03-30,Female,"5808 Cannon Route, Gwendolynmouth, WI 06125",(349)554-4814x03881,ecastillo@hotmail.com,2025-02-02 21:35:46
e64d44ae-bf99-4f2b-8004-5e9538680442,Kenneth Hall,1999-07-17,Female,"8903 Morgan Wells Apt. 902, Wilsonberg, MD 68365",543.901.2859,jsantiago@hotmail.com,2025-03-07 05:59:14
b951c6e0-f8ed-4c52-b3c4-6e9a22ed17e2,William Anthony,1992-10-09,Male,"571 Holmes Overpass, East Rachel, AK 86744",+1-087-103-1241x319,onealandre@gmail.com,2025-01-19 10:24:02
9d962bfd-565b-4d81-9373-0518e0174041,Adrienne Johnston,2007-01-27,Female,"29623 Jerry Streets, Welchport, WV 78720",684.663.4255,thomaskevin@carney.com,2025-03-14 05:49:06
5784a103-e949-4370-8196-d4b1aca9a54e,Kristin Russo,1989-01-12,Male,"898 Aguilar Locks, Sandyport, CO 86231",(959)496-0479x29598,franklinwallace@gmail.com,2025-03-03 01:55:09
78efd94a-d08e-44eb-ae2a-cee8127d9104,Julie Johnson,1945-10-19,Male,"26268 Jesus Cape Suite 542, Grayland, CT 21693",5161579246,hicksmichelle@cooke.org,2025-01-20 07:53:40
02e83d0b-2e6a-4554-a803-231fca3aa3a8,Mark Bowen,1954-11-30,Male,"72881 Armstrong Alley, Port Gloria, NY 52564",975.379.4108,arnoldchristopher@gmail.com,2025-01-19 04:42:11
ee2a49ed-22cf-4be8-ab4c-e54ece10b8ea,Donna Keller,1997-12-23,Female,"911 Smith Cliffs, West Maria, MO 22149",802-071-9926,scottcynthia@thompson.com,2025-02-18 13:34:30
0a40e599-2baa-4f26-a0a5-1475cf173305,Jennifer Carr,1966-06-23,Female,"54797 Arnold Lock Apt. 339, Buckleychester, WI 93763",+1-368-929-1243x28501,salaskelly@gmail.com,2025-03-14 02:30:03
b5b649b2-d9a6-46ac-bd1d-0848716ba9aa,Brittany White,1984-09-02,Male,"87771 Bonnie Trail Apt. 122, Sheppardchester, OR 23716",(892)495-7973x94856,ythompson@gmail.com,2025-02-21 13:47:27
9daa6b79-1c70-4734-8ad3-874ad7b1a64c,John Williams,1962-10-03,Female,"63134 Carter Brooks, Antoniobury, TX 65128",001-060-398-8156x8815,edwinkelly@gmail.com,2025-02-02 03:14:23
e482161a-0b90-4bdf-a682-1fad326b00b3,Bethany Rivera,1950-12-21,Male,"915 Martin Roads Apt. 878, West Jonathan, WV 83876",(839)225-6802x66062,andrew73@hotmail.com,2025-01-07 21:11:45
48dc09a4-5c04-4618-8810-46f7654dc164,Brittany Jefferson,1978-07-22,Male,"986 Brittany Harbor Apt. 659, North Darrenland, MN 85803",(143)841-9382,dawn82@buchanan.info,2025-02-18 20:06:06
de838e50-0261-4f0a-b8ec-818392279627,Austin Dennis,2003-07-13,Female,"58790 Bennett Island, New Melanie, NC 03536",506-981-4194x38141,snelson@brown-rogers.net,2025-02-17 12:04:06
cf2913c5-5912-41d8-ba51-d9eb9cdc34fd,Steven Washington,1997-05-07,Male,"672 Guerrero Road, Port Anthonyhaven, WI 99587",001-571-788-8576x4899,erikabaker@gmail.com,2025-02-16 22:50:02
97b41304-6e45-477f-b18f-dd4d3d783b81,Charles Davis,1959-03-07,Male,"595 Morris Squares, Wandastad, ID 29783",+1-882-311-9252x40941,kingdebra@yahoo.com,2025-02-05 15:16:19
7d8a4efa-d55d-45b0-8062-9cf3205a6876,Caitlin Thompson,1974-04-21,Male,"06051 Duncan Mall Suite 515, Lowerybury, PA 74712",778.220.7536x6692,smithtaylor@hotmail.com,2025-03-12 19:11:54
ce2f31ec-48f1-45cb-9e8d-30a5e6aa4788,Ronald Nichols,1954-11-26,Female,"4940 Rivera Crossroad Suite 160, South Nathanside, DC 06057",+1-775-488-7066x233,itorres@yahoo.com,2025-01-26 16:26:23
5a7b9ff4-bb9b-433a-947c-98d01a998a12,Christopher Davidson,1975-12-20,Female,"Unit 6388 Box 2433, DPO AA 52865",638-734-7356x771,jenkinslaura@bennett.com,2025-01-22 01:52:21
06fb4ef8-39c3-4551-8aa0-d730a07d3b70,Kimberly Gomez DVM,1965-03-29,Female,"7156 Wong Branch Apt. 776, Cherylmouth, IA 39367",001-298-204-9204x83719,claytonlinda@yahoo.com,2025-01-07 21:40:04
109e3f63-2ab9-455b-a7f9-8b8e0d66c791,Dr. Corey Thomas,1969-01-24,Female,"816 Murphy Bridge, Hinesshire, WY 49352",(956)330-8716x977,jamesgregory@yahoo.com,2025-01-22 03:14:57
a7e8f26a-7a3e-4eea-b077-5a3419dd14a6,Natalie Silva,1953-08-03,Female,"8633 Hogan Canyon, Thomasshire, HI 07186",383.722.1803,emilyrivera@hotmail.com,2025-02-22 16:49:08
cbe64f44-c15e-4fb6-867c-e61f00a5d23c,Joseph Taylor,1994-04-11,Male,"91949 Carroll Ferry, New Jasontown, IA 28827",(824)918-2887x89493,aguilarjohn@gmail.com,2025-03-09 01:50:24
a347a9ee-3da4-40ef-9289-5de867c4965e,Steven Davis,1978-02-17,Male,"30989 Gabriella Ports, Simpsonborough, NV 49284",+1-867-578-1409x913,russelllee@drake-jones.net,2025-02-12 15:56:36
37371629-5ecd-4eca-8496-603de44ebfdd,Susan Jennings,1952-01-28,Female,"121 Dale Avenue, Tinabury, KS 68837",(990)019-4634,williamramirez@yahoo.com,2025-01-15 07:40:38
ab1a42dd-2061-4215-ac37-1ebf5ba9c227,Daniel Nelson,1989-07-23,Male,"23679 Zachary Parks, Fosterhaven, NM 37278",+1-942-650-6886x6655,stephanie25@gmail.com,2025-01-04 22:05:53
dae4a285-ef7c-4839-8214-46c70c57a830,Jesse Morse,2003-03-29,Female,"1210 Frank Mountains, Alvarezfort, MA 91503",(588)295-8969x11582,alvaradofelicia@yahoo.com,2025-02-10 01:33:14
0f733d40-cad2-443e-9427-dda82d821686,Laura Stark,1978-12-24,Male,"5422 Bonnie Terrace Apt. 734, Williamborough, OK 10196",(472)603-7542,lisa37@greene-simpson.org,2025-03-12 11:51:05
c3cb285c-61d7-4803-849b-dbe65816396e,Michael Collins,1976-06-05,Female,"513 Jenkins Canyon Apt. 848, East Jonathan, OH 21634",619.864.1381x678,lisamaddox@hotmail.com,2025-03-07 07:20:55
72c34918-cafe-4467-a45f-dffdb3e1f6c7,Matthew Martinez,1996-09-11,Male,"691 Joseph Rapids Suite 024, Danielview, WI 63645",(519)822-2230x5547,garciachristy@gonzales.com,2025-03-08 00:44:16
ff57a094-1163-4f52-b69d-2cbc6ada53ed,James Moran,1997-06-30,Female,"7581 Elizabeth Place Apt. 660, North Amandatown, MI 42755",+1-670-251-3263x852,hnguyen@norris.com,2025-01-19 00:12:46
c0f0c50b-43da-4cfa-819f-3e68e54973f9,Andrea Carr,2006-05-28,Female,"232 Steven Center, Curtisbury, NV 38441",(433)915-3246,hinespatrick@simon-harris.com,2025-01-30 09:45:10
c1b403fe-33c4-4ea0-96b6-b3f702a3d390,Robert Calhoun,2003-11-12,Female,"314 Samantha Unions, South Levimouth, AK 86225",+1-768-929-1324,meganwilson@hotmail.com,2025-01-19 03:12:53
d0502b16-ab99-4c82-98c5-a53adca0094e,Sandra Hughes,2001-03-20,Female,"924 Mccormick Mountain Suite 260, Jordanfort, OH 37608",488.132.3798x8988,thomascraig@jensen.com,2025-02-27 04:48:10
